model,trial,trial_accuracy,terrain,coefficient_index,coefficient,cosine_multiplier
baseline,,,ASPHALT,1,33.64440185939962,1*pi/51
baseline,,,ASPHALT,2,75.85503263105014,2*pi/51
baseline,,,ASPHALT,4,-58.42411821740474,4*pi/51
baseline,,,ASPHALT,5,26.226187404948213,5*pi/51
baseline,,,ASPHALT,6,70.30510109760735,6*pi/51
baseline,,,ASPHALT,7,14.651780627895096,7*pi/51
baseline,,,ASPHALT,8,-17.531748709004063,8*pi/51
baseline,,,ASPHALT,10,33.98508663656311,10*pi/51
baseline,,,ASPHALT,13,-11.843814548316765,13*pi/51
baseline,,,FLOORING,2,96.6283408113561,2*pi/51
baseline,,,FLOORING,3,7.753679480487834,3*pi/51
baseline,,,FLOORING,4,-59.80260805565656,4*pi/51
baseline,,,FLOORING,5,-8.594140025394243,5*pi/51
baseline,,,FLOORING,6,17.06498782446934,6*pi/51
baseline,,,FLOORING,7,-4.037273285103258,7*pi/51
baseline,,,FLOORING,8,-7.026459017260827,8*pi/51
baseline,,,FLOORING,10,-4.9454296778470495,10*pi/51
baseline,,,FLOORING,14,-7.3865993456176655,14*pi/51
baseline,,,ICE,1,-4.327846957917524,1*pi/51
baseline,,,ICE,3,3.9925882159546617,3*pi/51
baseline,,,ICE,4,-5.256833304136128,4*pi/51
baseline,,,ICE,5,-5.033743105338102,5*pi/51
baseline,,,ICE,6,5.056548758942192,6*pi/51
baseline,,,ICE,9,-7.412284373459922,9*pi/51
baseline,,,ICE,11,4.2807483112036255,11*pi/51
baseline,,,ICE,12,4.229991691649903,12*pi/51
baseline,,,ICE,16,-2.447722527580495,16*pi/51
baseline,,,SNOW,1,22.683511879787403,1*pi/51
baseline,,,SNOW,2,66.7687731640757,2*pi/51
baseline,,,SNOW,3,25.60573307718872,3*pi/51
baseline,,,SNOW,5,-17.18082829383403,5*pi/51
baseline,,,SNOW,6,26.03710549703643,6*pi/51
baseline,,,SNOW,7,20.37893958968568,7*pi/51
baseline,,,SNOW,9,18.390589286910103,9*pi/51
baseline,,,SNOW,10,13.22449823363834,10*pi/51
baseline,,,SNOW,11,18.84950591480493,11*pi/51
best_trial_21,21,0.5789473684210527,ASPHALT,1,39.146970652382834,1*pi/71
best_trial_21,21,0.5789473684210527,ASPHALT,2,137.0699659474418,2*pi/71
best_trial_21,21,0.5789473684210527,ASPHALT,3,-23.969244392605475,3*pi/71
best_trial_21,21,0.5789473684210527,ASPHALT,4,-110.11092977562183,4*pi/71
best_trial_21,21,0.5789473684210527,ASPHALT,6,59.68730047864673,6*pi/71
best_trial_21,21,0.5789473684210527,ASPHALT,7,-12.777445016051841,7*pi/71
best_trial_21,21,0.5789473684210527,ASPHALT,8,-44.87332378157761,8*pi/71
best_trial_21,21,0.5789473684210527,ASPHALT,9,-26.484710721280507,9*pi/71
best_trial_21,21,0.5789473684210527,ASPHALT,10,-11.487383678431971,10*pi/71
best_trial_21,21,0.5789473684210527,ASPHALT,11,13.236889413297888,11*pi/71
best_trial_21,21,0.5789473684210527,ASPHALT,12,-11.831329464980442,12*pi/71
best_trial_21,21,0.5789473684210527,ASPHALT,13,4.998730075190395,13*pi/71
best_trial_21,21,0.5789473684210527,ASPHALT,15,20.448818121509664,15*pi/71
best_trial_21,21,0.5789473684210527,ASPHALT,16,-5.869070701355213,16*pi/71
best_trial_21,21,0.5789473684210527,ASPHALT,17,3.043613240755241,17*pi/71
best_trial_21,21,0.5789473684210527,ASPHALT,19,-17.431533656086543,19*pi/71
best_trial_21,21,0.5789473684210527,ASPHALT,20,4.453659342758349,20*pi/71
best_trial_21,21,0.5789473684210527,ASPHALT,22,2.5511308349456043,22*pi/71
best_trial_21,21,0.5789473684210527,ASPHALT,24,2.4702843298537065,24*pi/71
best_trial_21,21,0.5789473684210527,ASPHALT,25,-2.526010407915261,25*pi/71
best_trial_21,21,0.5789473684210527,ASPHALT,30,-4.233680837234439,30*pi/71
best_trial_21,21,0.5789473684210527,ASPHALT,31,3.2188559921221396,31*pi/71
best_trial_21,21,0.5789473684210527,ASPHALT,34,-2.7891808984824413,34*pi/71
best_trial_21,21,0.5789473684210527,ASPHALT,36,-4.885284336466935,36*pi/71
best_trial_21,21,0.5789473684210527,ASPHALT,38,4.544332931164753,38*pi/71
best_trial_21,21,0.5789473684210527,ASPHALT,44,3.284196402324709,44*pi/71
best_trial_21,21,0.5789473684210527,ASPHALT,68,2.7501461831658336,68*pi/71
best_trial_21,21,0.5789473684210527,FLOORING,2,136.8640799847406,2*pi/71
best_trial_21,21,0.5789473684210527,FLOORING,3,13.274966606354777,3*pi/71
best_trial_21,21,0.5789473684210527,FLOORING,4,-74.63046875605013,4*pi/71
best_trial_21,21,0.5789473684210527,FLOORING,5,-9.490465737975452,5*pi/71
best_trial_21,21,0.5789473684210527,FLOORING,6,25.25122165937649,6*pi/71
best_trial_21,21,0.5789473684210527,FLOORING,7,-6.029525943593818,7*pi/71
best_trial_21,21,0.5789473684210527,FLOORING,8,-5.628387421057939,8*pi/71
best_trial_21,21,0.5789473684210527,FLOORING,9,-2.365852397337549,9*pi/71
best_trial_21,21,0.5789473684210527,FLOORING,11,-5.749049794582978,11*pi/71
best_trial_21,21,0.5789473684210527,FLOORING,12,8.067990992360723,12*pi/71
best_trial_21,21,0.5789473684210527,FLOORING,13,1.1660095388944671,13*pi/71
best_trial_21,21,0.5789473684210527,FLOORING,14,-5.138735828896374,14*pi/71
best_trial_21,21,0.5789473684210527,FLOORING,15,-1.6505161407576947,15*pi/71
best_trial_21,21,0.5789473684210527,FLOORING,16,-2.3791871468192065,16*pi/71
best_trial_21,21,0.5789473684210527,FLOORING,17,-1.5180792770276708,17*pi/71
best_trial_21,21,0.5789473684210527,FLOORING,18,-4.212800436653147,18*pi/71
best_trial_21,21,0.5789473684210527,FLOORING,19,3.9046719873209343,19*pi/71
best_trial_21,21,0.5789473684210527,FLOORING,20,-2.6038350040925344,20*pi/71
best_trial_21,21,0.5789473684210527,FLOORING,21,-2.7760339866999484,21*pi/71
best_trial_21,21,0.5789473684210527,FLOORING,22,-4.5218451028224855,22*pi/71
best_trial_21,21,0.5789473684210527,FLOORING,24,-1.353416930186654,24*pi/71
best_trial_21,21,0.5789473684210527,FLOORING,35,-1.2190274726229022,35*pi/71
best_trial_21,21,0.5789473684210527,FLOORING,37,2.152953025922997,37*pi/71
best_trial_21,21,0.5789473684210527,FLOORING,39,-1.9853828237928408,39*pi/71
best_trial_21,21,0.5789473684210527,FLOORING,41,1.1093943412816891,41*pi/71
best_trial_21,21,0.5789473684210527,FLOORING,52,-1.58639805621111,52*pi/71
best_trial_21,21,0.5789473684210527,FLOORING,55,1.0798112140846745,55*pi/71
best_trial_21,21,0.5789473684210527,ICE,1,-6.470160012259813,1*pi/71
best_trial_21,21,0.5789473684210527,ICE,2,4.3993217717474895,2*pi/71
best_trial_21,21,0.5789473684210527,ICE,3,11.335731761317273,3*pi/71
best_trial_21,21,0.5789473684210527,ICE,4,-5.6750411637020495,4*pi/71
best_trial_21,21,0.5789473684210527,ICE,5,-6.414841691342433,5*pi/71
best_trial_21,21,0.5789473684210527,ICE,6,3.560287807607672,6*pi/71
best_trial_21,21,0.5789473684210527,ICE,7,14.165409242655926,7*pi/71
best_trial_21,21,0.5789473684210527,ICE,8,5.446264192045307,8*pi/71
best_trial_21,21,0.5789473684210527,ICE,9,-5.1682354510904,9*pi/71
best_trial_21,21,0.5789473684210527,ICE,10,4.525470259417686,10*pi/71
best_trial_21,21,0.5789473684210527,ICE,11,3.443683715917269,11*pi/71
best_trial_21,21,0.5789473684210527,ICE,12,-11.392676378833283,12*pi/71
best_trial_21,21,0.5789473684210527,ICE,13,1.8011307779365184,13*pi/71
best_trial_21,21,0.5789473684210527,ICE,14,4.090937454562573,14*pi/71
best_trial_21,21,0.5789473684210527,ICE,16,1.528735301134263,16*pi/71
best_trial_21,21,0.5789473684210527,ICE,17,-7.41287203587185,17*pi/71
best_trial_21,21,0.5789473684210527,ICE,18,4.149757841221307,18*pi/71
best_trial_21,21,0.5789473684210527,ICE,19,2.3531522945345658,19*pi/71
best_trial_21,21,0.5789473684210527,ICE,20,-2.072814356818265,20*pi/71
best_trial_21,21,0.5789473684210527,ICE,21,2.6355866676281297,21*pi/71
best_trial_21,21,0.5789473684210527,ICE,22,1.530762288350753,22*pi/71
best_trial_21,21,0.5789473684210527,ICE,23,-3.228255631418106,23*pi/71
best_trial_21,21,0.5789473684210527,ICE,34,-1.5929585889479274,34*pi/71
best_trial_21,21,0.5789473684210527,ICE,35,1.3662720036544145,35*pi/71
best_trial_21,21,0.5789473684210527,ICE,37,-1.1337673023685755,37*pi/71
best_trial_21,21,0.5789473684210527,ICE,52,-1.1074167381764681,52*pi/71
best_trial_21,21,0.5789473684210527,ICE,57,1.2223783859506276,57*pi/71
best_trial_21,21,0.5789473684210527,SNOW,1,16.948694443434878,1*pi/71
best_trial_21,21,0.5789473684210527,SNOW,2,74.90381565290397,2*pi/71
best_trial_21,21,0.5789473684210527,SNOW,3,40.08702058066745,3*pi/71
best_trial_21,21,0.5789473684210527,SNOW,4,-31.784536819011745,4*pi/71
best_trial_21,21,0.5789473684210527,SNOW,5,-30.02787324121295,5*pi/71
best_trial_21,21,0.5789473684210527,SNOW,6,15.412498214154926,6*pi/71
best_trial_21,21,0.5789473684210527,SNOW,7,-5.860250054089149,7*pi/71
best_trial_21,21,0.5789473684210527,SNOW,8,-12.355192262443717,8*pi/71
best_trial_21,21,0.5789473684210527,SNOW,9,-8.188362722476578,9*pi/71
best_trial_21,21,0.5789473684210527,SNOW,10,7.716516399600208,10*pi/71
best_trial_21,21,0.5789473684210527,SNOW,11,5.336332771038792,11*pi/71
best_trial_21,21,0.5789473684210527,SNOW,12,-4.109003594284351,12*pi/71
best_trial_21,21,0.5789473684210527,SNOW,13,-10.696616670635299,13*pi/71
best_trial_21,21,0.5789473684210527,SNOW,14,-8.10385042636578,14*pi/71
best_trial_21,21,0.5789473684210527,SNOW,15,8.081039287635335,15*pi/71
best_trial_21,21,0.5789473684210527,SNOW,16,-25.06529537198347,16*pi/71
best_trial_21,21,0.5789473684210527,SNOW,19,10.961081978371535,19*pi/71
best_trial_21,21,0.5789473684210527,SNOW,21,5.4196862081759845,21*pi/71
best_trial_21,21,0.5789473684210527,SNOW,22,-13.203570913958607,22*pi/71
best_trial_21,21,0.5789473684210527,SNOW,24,-2.634622749638037,24*pi/71
best_trial_21,21,0.5789473684210527,SNOW,25,-2.957475600339211,25*pi/71
best_trial_21,21,0.5789473684210527,SNOW,26,-2.213515708090722,26*pi/71
best_trial_21,21,0.5789473684210527,SNOW,35,-3.522013857983013,35*pi/71
best_trial_21,21,0.5789473684210527,SNOW,37,2.214639383738386,37*pi/71
best_trial_21,21,0.5789473684210527,SNOW,53,-2.78279441279895,53*pi/71
best_trial_21,21,0.5789473684210527,SNOW,54,-4.114597431772722,54*pi/71
best_trial_21,21,0.5789473684210527,SNOW,70,-2.7787655428195714,70*pi/71
