terrain,alpha_index,alpha,alpha_min,alpha_max,normalized_alpha
ASPHALT,0,-0.4920342080534543,-0.4920342080534543,0.49203420805345427,0.0
ASPHALT,1,-0.47797608782335566,-0.4920342080534543,0.49203420805345427,0.014285714285714285
ASPHALT,2,-0.46391796759325693,-0.4920342080534543,0.49203420805345427,0.02857142857142857
ASPHALT,3,-0.4498598473631582,-0.4920342080534543,0.49203420805345427,0.04285714285714286
ASPHALT,4,-0.43580172713305954,-0.4920342080534543,0.49203420805345427,0.05714285714285714
ASPHALT,5,-0.42174360690296087,-0.4920342080534543,0.49203420805345427,0.07142857142857142
ASPHALT,6,-0.4076854866728622,-0.4920342080534543,0.49203420805345427,0.08571428571428572
ASPHALT,7,-0.3936273664427634,-0.4920342080534543,0.49203420805345427,0.1
ASPHALT,8,-0.37956924621266475,-0.4920342080534543,0.49203420805345427,0.11428571428571428
ASPHALT,9,-0.3655111259825661,-0.4920342080534543,0.49203420805345427,0.12857142857142856
ASPHALT,10,-0.3514530057524674,-0.4920342080534543,0.49203420805345427,0.14285714285714285
ASPHALT,11,-0.3373948855223687,-0.4920342080534543,0.49203420805345427,0.15714285714285714
ASPHALT,12,-0.32333676529226996,-0.4920342080534543,0.49203420805345427,0.17142857142857143
ASPHALT,13,-0.3092786450621713,-0.4920342080534543,0.49203420805345427,0.18571428571428572
ASPHALT,14,-0.2952205248320726,-0.4920342080534543,0.49203420805345427,0.2
ASPHALT,15,-0.28116240460197395,-0.4920342080534543,0.49203420805345427,0.21428571428571427
ASPHALT,16,-0.26710428437187517,-0.4920342080534543,0.49203420805345427,0.22857142857142856
ASPHALT,17,-0.2530461641417765,-0.4920342080534543,0.49203420805345427,0.24285714285714285
ASPHALT,18,-0.23898804391167783,-0.4920342080534543,0.49203420805345427,0.2571428571428571
ASPHALT,19,-0.22492992368157913,-0.4920342080534543,0.49203420805345427,0.2714285714285714
ASPHALT,20,-0.21087180345148043,-0.4920342080534543,0.49203420805345427,0.2857142857142857
ASPHALT,21,-0.19681368322138174,-0.4920342080534543,0.49203420805345427,0.3
ASPHALT,22,-0.18275556299128304,-0.4920342080534543,0.49203420805345427,0.3142857142857143
ASPHALT,23,-0.16869744276118437,-0.4920342080534543,0.49203420805345427,0.32857142857142857
ASPHALT,24,-0.15463932253108567,-0.4920342080534543,0.49203420805345427,0.34285714285714286
ASPHALT,25,-0.14058120230098697,-0.4920342080534543,0.49203420805345427,0.35714285714285715
ASPHALT,26,-0.12652308207088828,-0.4920342080534543,0.49203420805345427,0.37142857142857144
ASPHALT,27,-0.11246496184078958,-0.4920342080534543,0.49203420805345427,0.38571428571428573
ASPHALT,28,-0.09840684161069088,-0.4920342080534543,0.49203420805345427,0.4
ASPHALT,29,-0.08434872138059218,-0.4920342080534543,0.49203420805345427,0.4142857142857143
ASPHALT,30,-0.07029060115049349,-0.4920342080534543,0.49203420805345427,0.42857142857142855
ASPHALT,31,-0.05623248092039479,-0.4920342080534543,0.49203420805345427,0.44285714285714284
ASPHALT,32,-0.04217436069029612,-0.4920342080534543,0.49203420805345427,0.45714285714285713
ASPHALT,33,-0.028116240460197423,-0.4920342080534543,0.49203420805345427,0.4714285714285714
ASPHALT,34,-0.014058120230098725,-0.4920342080534543,0.49203420805345427,0.4857142857142857
ASPHALT,35,0.0,-0.4920342080534543,0.49203420805345427,0.5
ASPHALT,36,0.01405812023009867,-0.4920342080534543,0.49203420805345427,0.5142857142857142
ASPHALT,37,0.02811624046019734,-0.4920342080534543,0.49203420805345427,0.5285714285714286
ASPHALT,38,0.042174360690296064,-0.4920342080534543,0.49203420805345427,0.5428571428571428
ASPHALT,39,0.05623248092039479,-0.4920342080534543,0.49203420805345427,0.5571428571428572
ASPHALT,40,0.07029060115049346,-0.4920342080534543,0.49203420805345427,0.5714285714285714
ASPHALT,41,0.08434872138059213,-0.4920342080534543,0.49203420805345427,0.5857142857142857
ASPHALT,42,0.0984068416106908,-0.4920342080534543,0.49203420805345427,0.6
ASPHALT,43,0.11246496184078952,-0.4920342080534543,0.49203420805345427,0.6142857142857143
ASPHALT,44,0.12652308207088825,-0.4920342080534543,0.49203420805345427,0.6285714285714286
ASPHALT,45,0.14058120230098692,-0.4920342080534543,0.49203420805345427,0.6428571428571429
ASPHALT,46,0.1546393225310856,-0.4920342080534543,0.49203420805345427,0.6571428571428571
ASPHALT,47,0.16869744276118426,-0.4920342080534543,0.49203420805345427,0.6714285714285714
ASPHALT,48,0.18275556299128298,-0.4920342080534543,0.49203420805345427,0.6857142857142857
ASPHALT,49,0.1968136832213817,-0.4920342080534543,0.49203420805345427,0.7
ASPHALT,50,0.21087180345148038,-0.4920342080534543,0.49203420805345427,0.7142857142857143
ASPHALT,51,0.22492992368157905,-0.4920342080534543,0.49203420805345427,0.7285714285714285
ASPHALT,52,0.23898804391167777,-0.4920342080534543,0.49203420805345427,0.7428571428571429
ASPHALT,53,0.2530461641417765,-0.4920342080534543,0.49203420805345427,0.7571428571428571
ASPHALT,54,0.26710428437187517,-0.4920342080534543,0.49203420805345427,0.7714285714285715
ASPHALT,55,0.28116240460197384,-0.4920342080534543,0.49203420805345427,0.7857142857142857
ASPHALT,56,0.2952205248320725,-0.4920342080534543,0.49203420805345427,0.8
ASPHALT,57,0.30927864506217123,-0.4920342080534543,0.49203420805345427,0.8142857142857143
ASPHALT,58,0.32333676529226996,-0.4920342080534543,0.49203420805345427,0.8285714285714286
ASPHALT,59,0.3373948855223686,-0.4920342080534543,0.49203420805345427,0.8428571428571429
ASPHALT,60,0.3514530057524673,-0.4920342080534543,0.49203420805345427,0.8571428571428571
ASPHALT,61,0.365511125982566,-0.4920342080534543,0.49203420805345427,0.8714285714285714
ASPHALT,62,0.37956924621266475,-0.4920342080534543,0.49203420805345427,0.8857142857142857
ASPHALT,63,0.3936273664427634,-0.4920342080534543,0.49203420805345427,0.9
ASPHALT,64,0.4076854866728621,-0.4920342080534543,0.49203420805345427,0.9142857142857143
ASPHALT,65,0.42174360690296075,-0.4920342080534543,0.49203420805345427,0.9285714285714286
ASPHALT,66,0.4358017271330595,-0.4920342080534543,0.49203420805345427,0.9428571428571428
ASPHALT,67,0.4498598473631582,-0.4920342080534543,0.49203420805345427,0.9571428571428572
ASPHALT,68,0.4639179675932569,-0.4920342080534543,0.49203420805345427,0.9714285714285714
ASPHALT,69,0.47797608782335554,-0.4920342080534543,0.49203420805345427,0.9857142857142858
ASPHALT,70,0.49203420805345427,-0.4920342080534543,0.49203420805345427,1.0
FLOORING,0,-0.2723990486193056,-0.2723990486193056,0.2723990486193056,0.0
FLOORING,1,-0.26461621865875395,-0.2723990486193056,0.2723990486193056,0.014285714285714285
FLOORING,2,-0.2568333886982024,-0.2723990486193056,0.2723990486193056,0.02857142857142857
FLOORING,3,-0.2490505587376508,-0.2723990486193056,0.2723990486193056,0.04285714285714286
FLOORING,4,-0.24126772877709923,-0.2723990486193056,0.2723990486193056,0.05714285714285714
FLOORING,5,-0.23348489881654766,-0.2723990486193056,0.2723990486193056,0.07142857142857142
FLOORING,6,-0.22570206885599603,-0.2723990486193056,0.2723990486193056,0.08571428571428572
FLOORING,7,-0.21791923889544446,-0.2723990486193056,0.2723990486193056,0.1
FLOORING,8,-0.21013640893489288,-0.2723990486193056,0.2723990486193056,0.11428571428571428
FLOORING,9,-0.2023535789743413,-0.2723990486193056,0.2723990486193056,0.12857142857142856
FLOORING,10,-0.19457074901378968,-0.2723990486193056,0.2723990486193056,0.14285714285714285
FLOORING,11,-0.1867879190532381,-0.2723990486193056,0.2723990486193056,0.15714285714285714
FLOORING,12,-0.17900508909268653,-0.2723990486193056,0.2723990486193056,0.17142857142857143
FLOORING,13,-0.17122225913213496,-0.2723990486193056,0.2723990486193056,0.18571428571428572
FLOORING,14,-0.16343942917158333,-0.2723990486193056,0.2723990486193056,0.2
FLOORING,15,-0.15565659921103175,-0.2723990486193056,0.2723990486193056,0.21428571428571427
FLOORING,16,-0.14787376925048018,-0.2723990486193056,0.2723990486193056,0.22857142857142856
FLOORING,17,-0.1400909392899286,-0.2723990486193056,0.2723990486193056,0.24285714285714285
FLOORING,18,-0.13230810932937698,-0.2723990486193056,0.2723990486193056,0.2571428571428571
FLOORING,19,-0.1245252793688254,-0.2723990486193056,0.2723990486193056,0.2714285714285714
FLOORING,20,-0.11674244940827383,-0.2723990486193056,0.2723990486193056,0.2857142857142857
FLOORING,21,-0.10895961944772224,-0.2723990486193056,0.2723990486193056,0.3
FLOORING,22,-0.10117678948717064,-0.2723990486193056,0.2723990486193056,0.3142857142857143
FLOORING,23,-0.09339395952661905,-0.2723990486193056,0.2723990486193056,0.32857142857142857
FLOORING,24,-0.08561112956606748,-0.2723990486193056,0.2723990486193056,0.34285714285714286
FLOORING,25,-0.07782829960551589,-0.2723990486193056,0.2723990486193056,0.35714285714285715
FLOORING,26,-0.07004546964496429,-0.2723990486193056,0.2723990486193056,0.37142857142857144
FLOORING,27,-0.0622626396844127,-0.2723990486193056,0.2723990486193056,0.38571428571428573
FLOORING,28,-0.05447980972386113,-0.2723990486193056,0.2723990486193056,0.4
FLOORING,29,-0.04669697976330954,-0.2723990486193056,0.2723990486193056,0.4142857142857143
FLOORING,30,-0.03891414980275794,-0.2723990486193056,0.2723990486193056,0.42857142857142855
FLOORING,31,-0.03113131984220635,-0.2723990486193056,0.2723990486193056,0.44285714285714284
FLOORING,32,-0.023348489881654777,-0.2723990486193056,0.2723990486193056,0.45714285714285713
FLOORING,33,-0.015565659921103203,-0.2723990486193056,0.2723990486193056,0.4714285714285714
FLOORING,34,-0.007782829960551602,-0.2723990486193056,0.2723990486193056,0.4857142857142857
FLOORING,35,0.0,-0.2723990486193056,0.2723990486193056,0.5
FLOORING,36,0.007782829960551574,-0.2723990486193056,0.2723990486193056,0.5142857142857142
FLOORING,37,0.015565659921103175,-0.2723990486193056,0.2723990486193056,0.5285714285714286
FLOORING,38,0.023348489881654777,-0.2723990486193056,0.2723990486193056,0.5428571428571428
FLOORING,39,0.03113131984220635,-0.2723990486193056,0.2723990486193056,0.5571428571428572
FLOORING,40,0.038914149802757925,-0.2723990486193056,0.2723990486193056,0.5714285714285714
FLOORING,41,0.0466969797633095,-0.2723990486193056,0.2723990486193056,0.5857142857142857
FLOORING,42,0.0544798097238611,-0.2723990486193056,0.2723990486193056,0.6
FLOORING,43,0.0622626396844127,-0.2723990486193056,0.2723990486193056,0.6142857142857143
FLOORING,44,0.07004546964496428,-0.2723990486193056,0.2723990486193056,0.6285714285714286
FLOORING,45,0.07782829960551588,-0.2723990486193056,0.2723990486193056,0.6428571428571429
FLOORING,46,0.08561112956606748,-0.2723990486193056,0.2723990486193056,0.6571428571428571
FLOORING,47,0.09339395952661905,-0.2723990486193056,0.2723990486193056,0.6714285714285714
FLOORING,48,0.10117678948717063,-0.2723990486193056,0.2723990486193056,0.6857142857142857
FLOORING,49,0.1089596194477222,-0.2723990486193056,0.2723990486193056,0.7
FLOORING,50,0.1167424494082738,-0.2723990486193056,0.2723990486193056,0.7142857142857143
FLOORING,51,0.1245252793688254,-0.2723990486193056,0.2723990486193056,0.7285714285714285
FLOORING,52,0.13230810932937698,-0.2723990486193056,0.2723990486193056,0.7428571428571429
FLOORING,53,0.14009093928992858,-0.2723990486193056,0.2723990486193056,0.7571428571428571
FLOORING,54,0.14787376925048018,-0.2723990486193056,0.2723990486193056,0.7714285714285715
FLOORING,55,0.15565659921103175,-0.2723990486193056,0.2723990486193056,0.7857142857142857
FLOORING,56,0.16343942917158333,-0.2723990486193056,0.2723990486193056,0.8
FLOORING,57,0.1712222591321349,-0.2723990486193056,0.2723990486193056,0.8142857142857143
FLOORING,58,0.1790050890926865,-0.2723990486193056,0.2723990486193056,0.8285714285714286
FLOORING,59,0.1867879190532381,-0.2723990486193056,0.2723990486193056,0.8428571428571429
FLOORING,60,0.19457074901378968,-0.2723990486193056,0.2723990486193056,0.8571428571428571
FLOORING,61,0.20235357897434128,-0.2723990486193056,0.2723990486193056,0.8714285714285714
FLOORING,62,0.21013640893489288,-0.2723990486193056,0.2723990486193056,0.8857142857142857
FLOORING,63,0.21791923889544446,-0.2723990486193056,0.2723990486193056,0.9
FLOORING,64,0.22570206885599603,-0.2723990486193056,0.2723990486193056,0.9142857142857143
FLOORING,65,0.2334848988165476,-0.2723990486193056,0.2723990486193056,0.9285714285714286
FLOORING,66,0.24126772877709918,-0.2723990486193056,0.2723990486193056,0.9428571428571428
FLOORING,67,0.24905055873765075,-0.2723990486193056,0.2723990486193056,0.9571428571428572
FLOORING,68,0.2568333886982024,-0.2723990486193056,0.2723990486193056,0.9714285714285714
FLOORING,69,0.264616218658754,-0.2723990486193056,0.2723990486193056,0.9857142857142858
FLOORING,70,0.2723990486193056,-0.2723990486193056,0.2723990486193056,1.0
ICE,0,-0.4920342080534543,-0.4920342080534543,0.49203420805345427,0.0
ICE,1,-0.47797608782335566,-0.4920342080534543,0.49203420805345427,0.014285714285714285
ICE,2,-0.46391796759325693,-0.4920342080534543,0.49203420805345427,0.02857142857142857
ICE,3,-0.4498598473631582,-0.4920342080534543,0.49203420805345427,0.04285714285714286
ICE,4,-0.43580172713305954,-0.4920342080534543,0.49203420805345427,0.05714285714285714
ICE,5,-0.42174360690296087,-0.4920342080534543,0.49203420805345427,0.07142857142857142
ICE,6,-0.4076854866728622,-0.4920342080534543,0.49203420805345427,0.08571428571428572
ICE,7,-0.3936273664427634,-0.4920342080534543,0.49203420805345427,0.1
ICE,8,-0.37956924621266475,-0.4920342080534543,0.49203420805345427,0.11428571428571428
ICE,9,-0.3655111259825661,-0.4920342080534543,0.49203420805345427,0.12857142857142856
ICE,10,-0.3514530057524674,-0.4920342080534543,0.49203420805345427,0.14285714285714285
ICE,11,-0.3373948855223687,-0.4920342080534543,0.49203420805345427,0.15714285714285714
ICE,12,-0.32333676529226996,-0.4920342080534543,0.49203420805345427,0.17142857142857143
ICE,13,-0.3092786450621713,-0.4920342080534543,0.49203420805345427,0.18571428571428572
ICE,14,-0.2952205248320726,-0.4920342080534543,0.49203420805345427,0.2
ICE,15,-0.28116240460197395,-0.4920342080534543,0.49203420805345427,0.21428571428571427
ICE,16,-0.26710428437187517,-0.4920342080534543,0.49203420805345427,0.22857142857142856
ICE,17,-0.2530461641417765,-0.4920342080534543,0.49203420805345427,0.24285714285714285
ICE,18,-0.23898804391167783,-0.4920342080534543,0.49203420805345427,0.2571428571428571
ICE,19,-0.22492992368157913,-0.4920342080534543,0.49203420805345427,0.2714285714285714
ICE,20,-0.21087180345148043,-0.4920342080534543,0.49203420805345427,0.2857142857142857
ICE,21,-0.19681368322138174,-0.4920342080534543,0.49203420805345427,0.3
ICE,22,-0.18275556299128304,-0.4920342080534543,0.49203420805345427,0.3142857142857143
ICE,23,-0.16869744276118437,-0.4920342080534543,0.49203420805345427,0.32857142857142857
ICE,24,-0.15463932253108567,-0.4920342080534543,0.49203420805345427,0.34285714285714286
ICE,25,-0.14058120230098697,-0.4920342080534543,0.49203420805345427,0.35714285714285715
ICE,26,-0.12652308207088828,-0.4920342080534543,0.49203420805345427,0.37142857142857144
ICE,27,-0.11246496184078958,-0.4920342080534543,0.49203420805345427,0.38571428571428573
ICE,28,-0.09840684161069088,-0.4920342080534543,0.49203420805345427,0.4
ICE,29,-0.08434872138059218,-0.4920342080534543,0.49203420805345427,0.4142857142857143
ICE,30,-0.07029060115049349,-0.4920342080534543,0.49203420805345427,0.42857142857142855
ICE,31,-0.05623248092039479,-0.4920342080534543,0.49203420805345427,0.44285714285714284
ICE,32,-0.04217436069029612,-0.4920342080534543,0.49203420805345427,0.45714285714285713
ICE,33,-0.028116240460197423,-0.4920342080534543,0.49203420805345427,0.4714285714285714
ICE,34,-0.014058120230098725,-0.4920342080534543,0.49203420805345427,0.4857142857142857
ICE,35,0.0,-0.4920342080534543,0.49203420805345427,0.5
ICE,36,0.01405812023009867,-0.4920342080534543,0.49203420805345427,0.5142857142857142
ICE,37,0.02811624046019734,-0.4920342080534543,0.49203420805345427,0.5285714285714286
ICE,38,0.042174360690296064,-0.4920342080534543,0.49203420805345427,0.5428571428571428
ICE,39,0.05623248092039479,-0.4920342080534543,0.49203420805345427,0.5571428571428572
ICE,40,0.07029060115049346,-0.4920342080534543,0.49203420805345427,0.5714285714285714
ICE,41,0.08434872138059213,-0.4920342080534543,0.49203420805345427,0.5857142857142857
ICE,42,0.0984068416106908,-0.4920342080534543,0.49203420805345427,0.6
ICE,43,0.11246496184078952,-0.4920342080534543,0.49203420805345427,0.6142857142857143
ICE,44,0.12652308207088825,-0.4920342080534543,0.49203420805345427,0.6285714285714286
ICE,45,0.14058120230098692,-0.4920342080534543,0.49203420805345427,0.6428571428571429
ICE,46,0.1546393225310856,-0.4920342080534543,0.49203420805345427,0.6571428571428571
ICE,47,0.16869744276118426,-0.4920342080534543,0.49203420805345427,0.6714285714285714
ICE,48,0.18275556299128298,-0.4920342080534543,0.49203420805345427,0.6857142857142857
ICE,49,0.1968136832213817,-0.4920342080534543,0.49203420805345427,0.7
ICE,50,0.21087180345148038,-0.4920342080534543,0.49203420805345427,0.7142857142857143
ICE,51,0.22492992368157905,-0.4920342080534543,0.49203420805345427,0.7285714285714285
ICE,52,0.23898804391167777,-0.4920342080534543,0.49203420805345427,0.7428571428571429
ICE,53,0.2530461641417765,-0.4920342080534543,0.49203420805345427,0.7571428571428571
ICE,54,0.26710428437187517,-0.4920342080534543,0.49203420805345427,0.7714285714285715
ICE,55,0.28116240460197384,-0.4920342080534543,0.49203420805345427,0.7857142857142857
ICE,56,0.2952205248320725,-0.4920342080534543,0.49203420805345427,0.8
ICE,57,0.30927864506217123,-0.4920342080534543,0.49203420805345427,0.8142857142857143
ICE,58,0.32333676529226996,-0.4920342080534543,0.49203420805345427,0.8285714285714286
ICE,59,0.3373948855223686,-0.4920342080534543,0.49203420805345427,0.8428571428571429
ICE,60,0.3514530057524673,-0.4920342080534543,0.49203420805345427,0.8571428571428571
ICE,61,0.365511125982566,-0.4920342080534543,0.49203420805345427,0.8714285714285714
ICE,62,0.37956924621266475,-0.4920342080534543,0.49203420805345427,0.8857142857142857
ICE,63,0.3936273664427634,-0.4920342080534543,0.49203420805345427,0.9
ICE,64,0.4076854866728621,-0.4920342080534543,0.49203420805345427,0.9142857142857143
ICE,65,0.42174360690296075,-0.4920342080534543,0.49203420805345427,0.9285714285714286
ICE,66,0.4358017271330595,-0.4920342080534543,0.49203420805345427,0.9428571428571428
ICE,67,0.4498598473631582,-0.4920342080534543,0.49203420805345427,0.9571428571428572
ICE,68,0.4639179675932569,-0.4920342080534543,0.49203420805345427,0.9714285714285714
ICE,69,0.47797608782335554,-0.4920342080534543,0.49203420805345427,0.9857142857142858
ICE,70,0.49203420805345427,-0.4920342080534543,0.49203420805345427,1.0
SNOW,0,-0.4929311878842947,-0.4929311878842947,0.4929311878842947,0.0
SNOW,1,-0.4788474396590291,-0.4929311878842947,0.4929311878842947,0.014285714285714285
SNOW,2,-0.4647636914337636,-0.4929311878842947,0.4929311878842947,0.02857142857142857
SNOW,3,-0.450679943208498,-0.4929311878842947,0.4929311878842947,0.04285714285714286
SNOW,4,-0.43659619498323243,-0.4929311878842947,0.4929311878842947,0.05714285714285714
SNOW,5,-0.42251244675796684,-0.4929311878842947,0.4929311878842947,0.07142857142857142
SNOW,6,-0.40842869853270136,-0.4929311878842947,0.4929311878842947,0.08571428571428572
SNOW,7,-0.39434495030743577,-0.4929311878842947,0.4929311878842947,0.1
SNOW,8,-0.3802612020821702,-0.4929311878842947,0.4929311878842947,0.11428571428571428
SNOW,9,-0.3661774538569046,-0.4929311878842947,0.4929311878842947,0.12857142857142856
SNOW,10,-0.3520937056316391,-0.4929311878842947,0.4929311878842947,0.14285714285714285
SNOW,11,-0.3380099574063735,-0.4929311878842947,0.4929311878842947,0.15714285714285714
SNOW,12,-0.3239262091811079,-0.4929311878842947,0.4929311878842947,0.17142857142857143
SNOW,13,-0.30984246095584234,-0.4929311878842947,0.4929311878842947,0.18571428571428572
SNOW,14,-0.29575871273057686,-0.4929311878842947,0.4929311878842947,0.2
SNOW,15,-0.28167496450531126,-0.4929311878842947,0.4929311878842947,0.21428571428571427
SNOW,16,-0.2675912162800457,-0.4929311878842947,0.4929311878842947,0.22857142857142856
SNOW,17,-0.2535074680547801,-0.4929311878842947,0.4929311878842947,0.24285714285714285
SNOW,18,-0.23942371982951458,-0.4929311878842947,0.4929311878842947,0.2571428571428571
SNOW,19,-0.225339971604249,-0.4929311878842947,0.4929311878842947,0.2714285714285714
SNOW,20,-0.21125622337898342,-0.4929311878842947,0.4929311878842947,0.2857142857142857
SNOW,21,-0.19717247515371786,-0.4929311878842947,0.4929311878842947,0.3
SNOW,22,-0.18308872692845232,-0.4929311878842947,0.4929311878842947,0.3142857142857143
SNOW,23,-0.16900497870318676,-0.4929311878842947,0.4929311878842947,0.32857142857142857
SNOW,24,-0.15492123047792117,-0.4929311878842947,0.4929311878842947,0.34285714285714286
SNOW,25,-0.1408374822526556,-0.4929311878842947,0.4929311878842947,0.35714285714285715
SNOW,26,-0.12675373402739007,-0.4929311878842947,0.4929311878842947,0.37142857142857144
SNOW,27,-0.1126699858021245,-0.4929311878842947,0.4929311878842947,0.38571428571428573
SNOW,28,-0.09858623757685891,-0.4929311878842947,0.4929311878842947,0.4
SNOW,29,-0.08450248935159335,-0.4929311878842947,0.4929311878842947,0.4142857142857143
SNOW,30,-0.07041874112632782,-0.4929311878842947,0.4929311878842947,0.42857142857142855
SNOW,31,-0.05633499290106225,-0.4929311878842947,0.4929311878842947,0.44285714285714284
SNOW,32,-0.04225124467579666,-0.4929311878842947,0.4929311878842947,0.45714285714285713
SNOW,33,-0.0281674964505311,-0.4929311878842947,0.4929311878842947,0.4714285714285714
SNOW,34,-0.014083748225265563,-0.4929311878842947,0.4929311878842947,0.4857142857142857
SNOW,35,0.0,-0.4929311878842947,0.4929311878842947,0.5
SNOW,36,0.014083748225265591,-0.4929311878842947,0.4929311878842947,0.5142857142857142
SNOW,37,0.028167496450531126,-0.4929311878842947,0.4929311878842947,0.5285714285714286
SNOW,38,0.04225124467579666,-0.4929311878842947,0.4929311878842947,0.5428571428571428
SNOW,39,0.05633499290106225,-0.4929311878842947,0.4929311878842947,0.5571428571428572
SNOW,40,0.07041874112632784,-0.4929311878842947,0.4929311878842947,0.5714285714285714
SNOW,41,0.08450248935159343,-0.4929311878842947,0.4929311878842947,0.5857142857142857
SNOW,42,0.09858623757685897,-0.4929311878842947,0.4929311878842947,0.6
SNOW,43,0.1126699858021245,-0.4929311878842947,0.4929311878842947,0.6142857142857143
SNOW,44,0.1267537340273901,-0.4929311878842947,0.4929311878842947,0.6285714285714286
SNOW,45,0.14083748225265563,-0.4929311878842947,0.4929311878842947,0.6428571428571429
SNOW,46,0.15492123047792117,-0.4929311878842947,0.4929311878842947,0.6571428571428571
SNOW,47,0.16900497870318676,-0.4929311878842947,0.4929311878842947,0.6714285714285714
SNOW,48,0.18308872692845235,-0.4929311878842947,0.4929311878842947,0.6857142857142857
SNOW,49,0.19717247515371794,-0.4929311878842947,0.4929311878842947,0.7
SNOW,50,0.21125622337898348,-0.4929311878842947,0.4929311878842947,0.7142857142857143
SNOW,51,0.225339971604249,-0.4929311878842947,0.4929311878842947,0.7285714285714285
SNOW,52,0.2394237198295146,-0.4929311878842947,0.4929311878842947,0.7428571428571429
SNOW,53,0.25350746805478014,-0.4929311878842947,0.4929311878842947,0.7571428571428571
SNOW,54,0.2675912162800457,-0.4929311878842947,0.4929311878842947,0.7714285714285715
SNOW,55,0.28167496450531126,-0.4929311878842947,0.4929311878842947,0.7857142857142857
SNOW,56,0.29575871273057686,-0.4929311878842947,0.4929311878842947,0.8
SNOW,57,0.30984246095584245,-0.4929311878842947,0.4929311878842947,0.8142857142857143
SNOW,58,0.323926209181108,-0.4929311878842947,0.4929311878842947,0.8285714285714286
SNOW,59,0.3380099574063735,-0.4929311878842947,0.4929311878842947,0.8428571428571429
SNOW,60,0.3520937056316391,-0.4929311878842947,0.4929311878842947,0.8571428571428571
SNOW,61,0.36617745385690464,-0.4929311878842947,0.4929311878842947,0.8714285714285714
SNOW,62,0.3802612020821702,-0.4929311878842947,0.4929311878842947,0.8857142857142857
SNOW,63,0.39434495030743577,-0.4929311878842947,0.4929311878842947,0.9
SNOW,64,0.40842869853270136,-0.4929311878842947,0.4929311878842947,0.9142857142857143
SNOW,65,0.42251244675796695,-0.4929311878842947,0.4929311878842947,0.9285714285714286
SNOW,66,0.4365961949832325,-0.4929311878842947,0.4929311878842947,0.9428571428571428
SNOW,67,0.450679943208498,-0.4929311878842947,0.4929311878842947,0.9571428571428572
SNOW,68,0.4647636914337636,-0.4929311878842947,0.4929311878842947,0.9714285714285714
SNOW,69,0.47884743965902915,-0.4929311878842947,0.4929311878842947,0.9857142857142858
SNOW,70,0.4929311878842947,-0.4929311878842947,0.4929311878842947,1.0
