terrain,coefficient_index,coefficient,is_nonzero
ASPHALT,0,996.8061774623359,True
ASPHALT,1,39.146970652382834,True
ASPHALT,2,137.0699659474418,True
ASPHALT,3,-23.969244392605475,True
ASPHALT,4,-110.11092977562183,True
ASPHALT,5,0.0,False
ASPHALT,6,59.68730047864673,True
ASPHALT,7,-12.777445016051841,True
ASPHALT,8,-44.87332378157761,True
ASPHALT,9,-26.484710721280507,True
ASPHALT,10,-11.487383678431971,True
ASPHALT,11,13.236889413297888,True
ASPHALT,12,-11.831329464980442,True
ASPHALT,13,4.998730075190395,True
ASPHALT,14,0.0,False
ASPHALT,15,20.448818121509664,True
ASPHALT,16,-5.869070701355213,True
ASPHALT,17,3.043613240755241,True
ASPHALT,18,0.0,False
ASPHALT,19,-17.431533656086543,True
ASPHALT,20,4.453659342758349,True
ASPHALT,21,0.0,False
ASPHALT,22,2.5511308349456043,True
ASPHALT,23,0.0,False
ASPHALT,24,2.4702843298537065,True
ASPHALT,25,-2.526010407915261,True
ASPHALT,26,0.0,False
ASPHALT,27,0.0,False
ASPHALT,28,0.0,False
ASPHALT,29,0.0,False
ASPHALT,30,-4.233680837234439,True
ASPHALT,31,3.2188559921221396,True
ASPHALT,32,0.0,False
ASPHALT,33,0.0,False
ASPHALT,34,-2.7891808984824413,True
ASPHALT,35,0.0,False
ASPHALT,36,-4.885284336466935,True
ASPHALT,37,0.0,False
ASPHALT,38,4.544332931164753,True
ASPHALT,39,0.0,False
ASPHALT,40,0.0,False
ASPHALT,41,0.0,False
ASPHALT,42,0.0,False
ASPHALT,43,0.0,False
ASPHALT,44,3.284196402324709,True
ASPHALT,45,0.0,False
ASPHALT,46,0.0,False
ASPHALT,47,0.0,False
ASPHALT,48,0.0,False
ASPHALT,49,0.0,False
ASPHALT,50,0.0,False
ASPHALT,51,0.0,False
ASPHALT,52,0.0,False
ASPHALT,53,0.0,False
ASPHALT,54,0.0,False
ASPHALT,55,0.0,False
ASPHALT,56,0.0,False
ASPHALT,57,0.0,False
ASPHALT,58,0.0,False
ASPHALT,59,0.0,False
ASPHALT,60,0.0,False
ASPHALT,61,0.0,False
ASPHALT,62,0.0,False
ASPHALT,63,0.0,False
ASPHALT,64,0.0,False
ASPHALT,65,0.0,False
ASPHALT,66,0.0,False
ASPHALT,67,0.0,False
ASPHALT,68,2.7501461831658336,True
ASPHALT,69,0.0,False
ASPHALT,70,0.0,False
FLOORING,0,732.0497060668042,True
FLOORING,1,0.0,False
FLOORING,2,136.8640799847406,True
FLOORING,3,13.274966606354777,True
FLOORING,4,-74.63046875605013,True
FLOORING,5,-9.490465737975452,True
FLOORING,6,25.25122165937649,True
FLOORING,7,-6.029525943593818,True
FLOORING,8,-5.628387421057939,True
FLOORING,9,-2.365852397337549,True
FLOORING,10,0.0,False
FLOORING,11,-5.749049794582978,True
FLOORING,12,8.067990992360723,True
FLOORING,13,1.1660095388944671,True
FLOORING,14,-5.138735828896374,True
FLOORING,15,-1.6505161407576947,True
FLOORING,16,-2.3791871468192065,True
FLOORING,17,-1.5180792770276708,True
FLOORING,18,-4.212800436653147,True
FLOORING,19,3.9046719873209343,True
FLOORING,20,-2.6038350040925344,True
FLOORING,21,-2.7760339866999484,True
FLOORING,22,-4.5218451028224855,True
FLOORING,23,0.0,False
FLOORING,24,-1.353416930186654,True
FLOORING,25,0.0,False
FLOORING,26,0.0,False
FLOORING,27,0.0,False
FLOORING,28,0.0,False
FLOORING,29,0.0,False
FLOORING,30,0.0,False
FLOORING,31,0.0,False
FLOORING,32,0.0,False
FLOORING,33,0.0,False
FLOORING,34,0.0,False
FLOORING,35,-1.2190274726229022,True
FLOORING,36,0.0,False
FLOORING,37,2.152953025922997,True
FLOORING,38,0.0,False
FLOORING,39,-1.9853828237928408,True
FLOORING,40,0.0,False
FLOORING,41,1.1093943412816891,True
FLOORING,42,0.0,False
FLOORING,43,0.0,False
FLOORING,44,0.0,False
FLOORING,45,0.0,False
FLOORING,46,0.0,False
FLOORING,47,0.0,False
FLOORING,48,0.0,False
FLOORING,49,0.0,False
FLOORING,50,0.0,False
FLOORING,51,0.0,False
FLOORING,52,-1.58639805621111,True
FLOORING,53,0.0,False
FLOORING,54,0.0,False
FLOORING,55,1.0798112140846745,True
FLOORING,56,0.0,False
FLOORING,57,0.0,False
FLOORING,58,0.0,False
FLOORING,59,0.0,False
FLOORING,60,0.0,False
FLOORING,61,0.0,False
FLOORING,62,0.0,False
FLOORING,63,0.0,False
FLOORING,64,0.0,False
FLOORING,65,0.0,False
FLOORING,66,0.0,False
FLOORING,67,0.0,False
FLOORING,68,0.0,False
FLOORING,69,0.0,False
FLOORING,70,0.0,False
ICE,0,374.8421572691249,True
ICE,1,-6.470160012259813,True
ICE,2,4.3993217717474895,True
ICE,3,11.335731761317273,True
ICE,4,-5.6750411637020495,True
ICE,5,-6.414841691342433,True
ICE,6,3.560287807607672,True
ICE,7,14.165409242655926,True
ICE,8,5.446264192045307,True
ICE,9,-5.1682354510904,True
ICE,10,4.525470259417686,True
ICE,11,3.443683715917269,True
ICE,12,-11.392676378833283,True
ICE,13,1.8011307779365184,True
ICE,14,4.090937454562573,True
ICE,15,0.0,False
ICE,16,1.528735301134263,True
ICE,17,-7.41287203587185,True
ICE,18,4.149757841221307,True
ICE,19,2.3531522945345658,True
ICE,20,-2.072814356818265,True
ICE,21,2.6355866676281297,True
ICE,22,1.530762288350753,True
ICE,23,-3.228255631418106,True
ICE,24,0.0,False
ICE,25,0.0,False
ICE,26,0.0,False
ICE,27,0.0,False
ICE,28,0.0,False
ICE,29,0.0,False
ICE,30,0.0,False
ICE,31,0.0,False
ICE,32,0.0,False
ICE,33,0.0,False
ICE,34,-1.5929585889479274,True
ICE,35,1.3662720036544145,True
ICE,36,0.0,False
ICE,37,-1.1337673023685755,True
ICE,38,0.0,False
ICE,39,0.0,False
ICE,40,0.0,False
ICE,41,0.0,False
ICE,42,0.0,False
ICE,43,0.0,False
ICE,44,0.0,False
ICE,45,0.0,False
ICE,46,0.0,False
ICE,47,0.0,False
ICE,48,0.0,False
ICE,49,0.0,False
ICE,50,0.0,False
ICE,51,0.0,False
ICE,52,-1.1074167381764681,True
ICE,53,0.0,False
ICE,54,0.0,False
ICE,55,0.0,False
ICE,56,0.0,False
ICE,57,1.2223783859506276,True
ICE,58,0.0,False
ICE,59,0.0,False
ICE,60,0.0,False
ICE,61,0.0,False
ICE,62,0.0,False
ICE,63,0.0,False
ICE,64,0.0,False
ICE,65,0.0,False
ICE,66,0.0,False
ICE,67,0.0,False
ICE,68,0.0,False
ICE,69,0.0,False
ICE,70,0.0,False
SNOW,0,851.9181890000655,True
SNOW,1,16.948694443434878,True
SNOW,2,74.90381565290397,True
SNOW,3,40.08702058066745,True
SNOW,4,-31.784536819011745,True
SNOW,5,-30.02787324121295,True
SNOW,6,15.412498214154926,True
SNOW,7,-5.860250054089149,True
SNOW,8,-12.355192262443717,True
SNOW,9,-8.188362722476578,True
SNOW,10,7.716516399600208,True
SNOW,11,5.336332771038792,True
SNOW,12,-4.109003594284351,True
SNOW,13,-10.696616670635299,True
SNOW,14,-8.10385042636578,True
SNOW,15,8.081039287635335,True
SNOW,16,-25.06529537198347,True
SNOW,17,0.0,False
SNOW,18,0.0,False
SNOW,19,10.961081978371535,True
SNOW,20,0.0,False
SNOW,21,5.4196862081759845,True
SNOW,22,-13.203570913958607,True
SNOW,23,0.0,False
SNOW,24,-2.634622749638037,True
SNOW,25,-2.957475600339211,True
SNOW,26,-2.213515708090722,True
SNOW,27,0.0,False
SNOW,28,0.0,False
SNOW,29,0.0,False
SNOW,30,0.0,False
SNOW,31,0.0,False
SNOW,32,0.0,False
SNOW,33,0.0,False
SNOW,34,0.0,False
SNOW,35,-3.522013857983013,True
SNOW,36,0.0,False
SNOW,37,2.214639383738386,True
SNOW,38,0.0,False
SNOW,39,0.0,False
SNOW,40,0.0,False
SNOW,41,0.0,False
SNOW,42,0.0,False
SNOW,43,0.0,False
SNOW,44,0.0,False
SNOW,45,0.0,False
SNOW,46,0.0,False
SNOW,47,0.0,False
SNOW,48,0.0,False
SNOW,49,0.0,False
SNOW,50,0.0,False
SNOW,51,0.0,False
SNOW,52,0.0,False
SNOW,53,-2.78279441279895,True
SNOW,54,-4.114597431772722,True
SNOW,55,0.0,False
SNOW,56,0.0,False
SNOW,57,0.0,False
SNOW,58,0.0,False
SNOW,59,0.0,False
SNOW,60,0.0,False
SNOW,61,0.0,False
SNOW,62,0.0,False
SNOW,63,0.0,False
SNOW,64,0.0,False
SNOW,65,0.0,False
SNOW,66,0.0,False
SNOW,67,0.0,False
SNOW,68,0.0,False
SNOW,69,0.0,False
SNOW,70,-2.7787655428195714,True
