terrain,coefficient_index,coefficient
ASPHALT,0,996.8061774623359
ASPHALT,1,39.146970652382834
ASPHALT,2,137.0699659474418
ASPHALT,3,-23.969244392605475
ASPHALT,4,-110.11092977562183
ASPHALT,5,0.0
ASPHALT,6,59.68730047864673
ASPHALT,7,-12.777445016051841
ASPHALT,8,-44.87332378157761
ASPHALT,9,-26.484710721280507
ASPHALT,10,-11.487383678431971
ASPHALT,11,13.236889413297888
ASPHALT,12,-11.831329464980442
ASPHALT,13,4.998730075190395
ASPHALT,14,0.0
ASPHALT,15,20.448818121509664
ASPHALT,16,-5.869070701355213
ASPHALT,17,3.043613240755241
ASPHALT,18,0.0
ASPHALT,19,-17.431533656086543
ASPHALT,20,4.453659342758349
ASPHALT,21,0.0
ASPHALT,22,2.5511308349456043
ASPHALT,23,0.0
ASPHALT,24,2.4702843298537065
ASPHALT,25,-2.526010407915261
ASPHALT,26,0.0
ASPHALT,27,0.0
ASPHALT,28,0.0
ASPHALT,29,0.0
ASPHALT,30,-4.233680837234439
ASPHALT,31,3.2188559921221396
ASPHALT,32,0.0
ASPHALT,33,0.0
ASPHALT,34,-2.7891808984824413
ASPHALT,35,0.0
ASPHALT,36,-4.885284336466935
ASPHALT,37,0.0
ASPHALT,38,4.544332931164753
ASPHALT,39,0.0
ASPHALT,40,0.0
ASPHALT,41,0.0
ASPHALT,42,0.0
ASPHALT,43,0.0
ASPHALT,44,3.284196402324709
ASPHALT,45,0.0
ASPHALT,46,0.0
ASPHALT,47,0.0
ASPHALT,48,0.0
ASPHALT,49,0.0
ASPHALT,50,0.0
ASPHALT,51,0.0
ASPHALT,52,0.0
ASPHALT,53,0.0
ASPHALT,54,0.0
ASPHALT,55,0.0
ASPHALT,56,0.0
ASPHALT,57,0.0
ASPHALT,58,0.0
ASPHALT,59,0.0
ASPHALT,60,0.0
ASPHALT,61,0.0
ASPHALT,62,0.0
ASPHALT,63,0.0
ASPHALT,64,0.0
ASPHALT,65,0.0
ASPHALT,66,0.0
ASPHALT,67,0.0
ASPHALT,68,2.7501461831658336
ASPHALT,69,0.0
ASPHALT,70,0.0
FLOORING,0,732.0497060668042
FLOORING,1,0.0
FLOORING,2,136.8640799847406
FLOORING,3,13.274966606354777
FLOORING,4,-74.63046875605013
FLOORING,5,-9.490465737975452
FLOORING,6,25.25122165937649
FLOORING,7,-6.029525943593818
FLOORING,8,-5.628387421057939
FLOORING,9,-2.365852397337549
FLOORING,10,0.0
FLOORING,11,-5.749049794582978
FLOORING,12,8.067990992360723
FLOORING,13,1.1660095388944671
FLOORING,14,-5.138735828896374
FLOORING,15,-1.6505161407576947
FLOORING,16,-2.3791871468192065
FLOORING,17,-1.5180792770276708
FLOORING,18,-4.212800436653147
FLOORING,19,3.9046719873209343
FLOORING,20,-2.6038350040925344
FLOORING,21,-2.7760339866999484
FLOORING,22,-4.5218451028224855
FLOORING,23,0.0
FLOORING,24,-1.353416930186654
FLOORING,25,0.0
FLOORING,26,0.0
FLOORING,27,0.0
FLOORING,28,0.0
FLOORING,29,0.0
FLOORING,30,0.0
FLOORING,31,0.0
FLOORING,32,0.0
FLOORING,33,0.0
FLOORING,34,0.0
FLOORING,35,-1.2190274726229022
FLOORING,36,0.0
FLOORING,37,2.152953025922997
FLOORING,38,0.0
FLOORING,39,-1.9853828237928408
FLOORING,40,0.0
FLOORING,41,1.1093943412816891
FLOORING,42,0.0
FLOORING,43,0.0
FLOORING,44,0.0
FLOORING,45,0.0
FLOORING,46,0.0
FLOORING,47,0.0
FLOORING,48,0.0
FLOORING,49,0.0
FLOORING,50,0.0
FLOORING,51,0.0
FLOORING,52,-1.58639805621111
FLOORING,53,0.0
FLOORING,54,0.0
FLOORING,55,1.0798112140846745
FLOORING,56,0.0
FLOORING,57,0.0
FLOORING,58,0.0
FLOORING,59,0.0
FLOORING,60,0.0
FLOORING,61,0.0
FLOORING,62,0.0
FLOORING,63,0.0
FLOORING,64,0.0
FLOORING,65,0.0
FLOORING,66,0.0
FLOORING,67,0.0
FLOORING,68,0.0
FLOORING,69,0.0
FLOORING,70,0.0
ICE,0,374.8421572691249
ICE,1,-6.470160012259813
ICE,2,4.3993217717474895
ICE,3,11.335731761317273
ICE,4,-5.6750411637020495
ICE,5,-6.414841691342433
ICE,6,3.560287807607672
ICE,7,14.165409242655926
ICE,8,5.446264192045307
ICE,9,-5.1682354510904
ICE,10,4.525470259417686
ICE,11,3.443683715917269
ICE,12,-11.392676378833283
ICE,13,1.8011307779365184
ICE,14,4.090937454562573
ICE,15,0.0
ICE,16,1.528735301134263
ICE,17,-7.41287203587185
ICE,18,4.149757841221307
ICE,19,2.3531522945345658
ICE,20,-2.072814356818265
ICE,21,2.6355866676281297
ICE,22,1.530762288350753
ICE,23,-3.228255631418106
ICE,24,0.0
ICE,25,0.0
ICE,26,0.0
ICE,27,0.0
ICE,28,0.0
ICE,29,0.0
ICE,30,0.0
ICE,31,0.0
ICE,32,0.0
ICE,33,0.0
ICE,34,-1.5929585889479274
ICE,35,1.3662720036544145
ICE,36,0.0
ICE,37,-1.1337673023685755
ICE,38,0.0
ICE,39,0.0
ICE,40,0.0
ICE,41,0.0
ICE,42,0.0
ICE,43,0.0
ICE,44,0.0
ICE,45,0.0
ICE,46,0.0
ICE,47,0.0
ICE,48,0.0
ICE,49,0.0
ICE,50,0.0
ICE,51,0.0
ICE,52,-1.1074167381764681
ICE,53,0.0
ICE,54,0.0
ICE,55,0.0
ICE,56,0.0
ICE,57,1.2223783859506276
ICE,58,0.0
ICE,59,0.0
ICE,60,0.0
ICE,61,0.0
ICE,62,0.0
ICE,63,0.0
ICE,64,0.0
ICE,65,0.0
ICE,66,0.0
ICE,67,0.0
ICE,68,0.0
ICE,69,0.0
ICE,70,0.0
SNOW,0,851.9181890000655
SNOW,1,16.948694443434878
SNOW,2,74.90381565290397
SNOW,3,40.08702058066745
SNOW,4,-31.784536819011745
SNOW,5,-30.02787324121295
SNOW,6,15.412498214154926
SNOW,7,-5.860250054089149
SNOW,8,-12.355192262443717
SNOW,9,-8.188362722476578
SNOW,10,7.716516399600208
SNOW,11,5.336332771038792
SNOW,12,-4.109003594284351
SNOW,13,-10.696616670635299
SNOW,14,-8.10385042636578
SNOW,15,8.081039287635335
SNOW,16,-25.06529537198347
SNOW,17,0.0
SNOW,18,0.0
SNOW,19,10.961081978371535
SNOW,20,0.0
SNOW,21,5.4196862081759845
SNOW,22,-13.203570913958607
SNOW,23,0.0
SNOW,24,-2.634622749638037
SNOW,25,-2.957475600339211
SNOW,26,-2.213515708090722
SNOW,27,0.0
SNOW,28,0.0
SNOW,29,0.0
SNOW,30,0.0
SNOW,31,0.0
SNOW,32,0.0
SNOW,33,0.0
SNOW,34,0.0
SNOW,35,-3.522013857983013
SNOW,36,0.0
SNOW,37,2.214639383738386
SNOW,38,0.0
SNOW,39,0.0
SNOW,40,0.0
SNOW,41,0.0
SNOW,42,0.0
SNOW,43,0.0
SNOW,44,0.0
SNOW,45,0.0
SNOW,46,0.0
SNOW,47,0.0
SNOW,48,0.0
SNOW,49,0.0
SNOW,50,0.0
SNOW,51,0.0
SNOW,52,0.0
SNOW,53,-2.78279441279895
SNOW,54,-4.114597431772722
SNOW,55,0.0
SNOW,56,0.0
SNOW,57,0.0
SNOW,58,0.0
SNOW,59,0.0
SNOW,60,0.0
SNOW,61,0.0
SNOW,62,0.0
SNOW,63,0.0
SNOW,64,0.0
SNOW,65,0.0
SNOW,66,0.0
SNOW,67,0.0
SNOW,68,0.0
SNOW,69,0.0
SNOW,70,-2.7787655428195714
