n_coefficients,cv_accuracy,cv_macro_f1
9,0.7362703962703961,0.6703571428571428
10,0.734988344988345,0.6499404761904761
8,0.7149883449883451,0.6349404761904761
12,0.7168065268065268,0.6159253246753247
5,0.7168065268065268,0.611758658008658
11,0.7168065268065268,0.611758658008658
13,0.7168065268065268,0.611758658008658
14,0.7168065268065268,0.611758658008658
15,0.7168065268065268,0.611758658008658
7,0.7196037296037295,0.6100793650793651
16,0.7014219114219113,0.603008658008658
17,0.7014219114219113,0.603008658008658
18,0.7014219114219113,0.603008658008658
19,0.7014219114219113,0.603008658008658
20,0.7014219114219113,0.603008658008658
6,0.7014219114219113,0.5981368631368632
4,0.6352680652680653,0.5437778887778888
3,0.6506526806526807,0.5184199134199134
