terrain,run_idx,predicted_terrain,raw_predicted_terrain,previous_prediction,raw_probability_ASPHALT,raw_probability_FLOORING,raw_probability_ICE,raw_probability_SNOW,memory_probability_ASPHALT,memory_probability_FLOORING,memory_probability_ICE,memory_probability_SNOW
ASPHALT,0,SNOW,SNOW,,0.2128068456986464,0.010026173148698355,0.003339343310237954,0.7738276378424174,0.22463354009577588,0.01112134952986225,0.003396493780678994,0.760848616593683
ASPHALT,1,ICE,ICE,SNOW,0.1906594512150539,0.28011634767831156,0.42349389186815917,0.10573030923847536,0.1981851159782676,0.2915424347694141,0.4115191000571948,0.0987533491951236
ASPHALT,2,SNOW,SNOW,ICE,0.0053806302322824935,0.14274572359772705,0.006338128883663489,0.845535517286327,0.005403151003596999,0.14246207294506166,0.006376049909768393,0.8457587261415729
ASPHALT,3,ASPHALT,SNOW,SNOW,0.2512082783841579,0.248015779127717,0.248015779127717,0.2527601633604081,0.2541703606259669,0.2459531859827172,0.24595318591832727,0.25392326747298866
ASPHALT,4,ASPHALT,ASPHALT,ASPHALT,0.25,0.25,0.25,0.25,0.2500000000000072,0.24999999999999756,0.2499999999999975,0.24999999999999772
ASPHALT,5,SNOW,SNOW,ASPHALT,0.41275906757040437,0.0040886578789026675,0.0024665165303925777,0.5806857580203003,0.4169052766490748,0.003901034740682593,0.0024438578362787774,0.5767498307739639
ASPHALT,6,FLOORING,FLOORING,SNOW,0.3633833647835867,0.581140773570429,0.007693991949903394,0.04778186969608085,0.35686046325687604,0.5807730812366633,0.013673937277718463,0.048692518228742106
FLOORING,0,FLOORING,FLOORING,FLOORING,0.34248964515760666,0.36443451500601404,0.0014339219767244386,0.2916419178596548,0.3432710517738903,0.36565853167219764,0.001408648046747616,0.28966176850716446
FLOORING,1,FLOORING,FLOORING,FLOORING,0.17008382195150487,0.5186116596769507,0.0020082262825413355,0.30929629208900306,0.16987304306137854,0.5190864131817848,0.002004989052049377,0.30903555470478733
FLOORING,2,ICE,ICE,FLOORING,0.19449375420180948,0.2943944414457969,0.4470003954345892,0.0641114089178043,0.1947276440190882,0.2948524065395153,0.4463414176877869,0.06407853175360961
FLOORING,3,ICE,ICE,ICE,0.19639445406548212,0.2573450269753216,0.4587677703969424,0.08749274856225396,0.19530980660999397,0.2660391684343551,0.4575254432244395,0.08112558173121148
FLOORING,4,ICE,ICE,ICE,0.09850984701297577,0.016014135214453613,0.6853361920174655,0.200139825755105,0.10459355558353858,0.01604647899908908,0.6783013726036752,0.20105859281369715
FLOORING,5,FLOORING,FLOORING,ICE,0.23191748658911177,0.35569193085175504,0.30486641578208695,0.10752416677704628,0.23413854565121445,0.35770505661714713,0.2996016328310618,0.10855476490057667
FLOORING,6,SNOW,SNOW,FLOORING,0.3692338666666422,0.07866565221614759,0.0028842833651121797,0.5492161977520981,0.3668024348216209,0.07540947826720545,0.0029398840970273404,0.5548482028141464
FLOORING,7,FLOORING,ICE,SNOW,0.2113421205966587,0.32269146471379956,0.4021622249110725,0.06380418977846922,0.2442373547067874,0.35440170952717565,0.3334605778199803,0.06790035794605677
FLOORING,8,ICE,ICE,FLOORING,0.3168131210196779,0.09053067232804987,0.46250622837972144,0.13014997827255081,0.3112610494167816,0.08977272234537999,0.47104531978019964,0.12792090845763887
FLOORING,9,FLOORING,FLOORING,ICE,0.337860776921819,0.5375196698578438,0.07556675878020491,0.04905279444013238,0.32745805419164675,0.5266860978616175,0.09737012263882379,0.04848572530791192
ICE,0,ICE,ICE,FLOORING,0.20243883916914865,0.30869555291052503,0.4252932697191132,0.0635723382012132,0.2027584069526065,0.3092230573313747,0.424447255894609,0.06357127982140985
ICE,1,ICE,ICE,ICE,0.0011038757612605154,0.0012261152356873035,0.9902559810942462,0.00741402790880594,0.0010937666057582928,0.014610941871659172,0.9779336503525606,0.00636164117002195
ICE,2,ICE,ICE,ICE,0.07760079154130492,0.0014985223341144034,0.86714676108966,0.05375392503492062,0.07731293322980298,0.0014924924975009309,0.8675819209498563,0.05361265332283979
ICE,3,ICE,ICE,ICE,0.1883087435526316,0.26171582306010016,0.4735451210828536,0.07643031230441459,0.19155451916519994,0.27374444990433455,0.462010284090305,0.07269074684016053
ICE,4,SNOW,ASPHALT,ICE,0.514636063285603,0.005203389575202366,0.0027299625323763737,0.47743058460681814,0.4750638368412223,0.004453884477748155,0.002689034709314647,0.517793243971715
ICE,5,ICE,ICE,SNOW,0.22651998143214014,0.3438929608651698,0.3645668057388964,0.06502025196379363,0.22500839710550288,0.341860069344895,0.36825186468466764,0.06487966886493449
ICE,6,SNOW,SNOW,ICE,0.16066413231002535,0.08748452238645393,0.0032021653282321974,0.7486491799752885,0.1686140568605573,0.06083726992646414,0.0033053922184498757,0.7672432809945287
ICE,7,ICE,ICE,SNOW,0.020040902722134518,0.007769615052664313,0.7923512341726373,0.17983824805256388,0.020904556074272093,0.008270091830250037,0.7774352037484821,0.19339014834699586
ICE,8,ICE,ICE,ICE,0.0009083097290199236,0.19761190099518094,0.7561688321561992,0.04531095711959997,0.0009082467469987289,0.19865851614629282,0.7549911788493797,0.045442058257328735
ICE,9,ICE,ICE,ICE,0.0018715146961878306,0.001907368908480562,0.8795032033037599,0.11671791309157176,0.0017424836289961904,0.001771367173955118,0.8888153471835454,0.10767080201350326
ICE,10,ICE,ICE,ICE,0.004115094756734259,0.014189050626159811,0.9072930329073531,0.07440282170975278,0.004109460714004826,0.01580354562236475,0.9055967482816629,0.07449024538196741
ICE,11,ICE,ICE,ICE,0.001868908983639287,0.0026426929577361524,0.7645896725308055,0.23089872552781904,0.003397378993970978,0.0027280371838262736,0.8120972620577227,0.18177732176448
ICE,12,ICE,ICE,ICE,0.21145061712606522,0.3228533918102186,0.40188597693435807,0.06381001412935797,0.22641672715004316,0.34075719971300855,0.36738488870304403,0.06544118443390422
SNOW,0,SNOW,SNOW,ICE,0.27984237442197024,0.2027535186138453,0.002266007224311952,0.5151380997398726,0.2832555261366289,0.22269103780082683,0.0021585318337119376,0.4918949042288324
SNOW,1,SNOW,SNOW,SNOW,0.13403820039582082,0.009148757140043427,0.0037430818359469676,0.8530699606281887,0.13270734782427143,0.009008521427881045,0.003754855323196703,0.8545292754246508
SNOW,2,ASPHALT,ASPHALT,SNOW,0.6358649413623907,0.005364749618700111,0.005119823607231113,0.353650485411678,0.6361091440459563,0.005350598396438723,0.0051021448300266874,0.3534381127275783
SNOW,3,SNOW,SNOW,ASPHALT,0.23660667152656922,0.23656189072990066,0.2368689084427653,0.2899625293007649,0.23835624017601534,0.2383229907766314,0.23880616216853742,0.2845146068788159
SNOW,4,SNOW,ASPHALT,SNOW,0.25,0.25,0.25,0.25,0.2499990278620427,0.24999900442225576,0.2499990036014998,0.25000296411420175
SNOW,5,FLOORING,FLOORING,SNOW,0.0651988040655102,0.545127766343264,0.002137779140754309,0.3875356504504714,0.06492342715484513,0.5429386777116517,0.0021588508573463735,0.38997904427615687
SNOW,6,ASPHALT,ASPHALT,FLOORING,0.6357125202964528,0.03988197342485835,0.0022152958014992658,0.3221902104771897,0.4863532253011679,0.1937659057502945,0.005608301497162102,0.31427256745137555
SNOW,7,SNOW,SNOW,ASPHALT,0.4643626058537306,0.0023896055781990914,0.002205095487199453,0.5310426930808708,0.46738100656799336,0.0023381157180985797,0.0021929045439898916,0.5280879731699182
SNOW,8,SNOW,SNOW,SNOW,0.02227885255545008,0.006815559657799837,0.006800531074106509,0.9641050567126436,0.1119658438396676,0.03890667357145012,0.01992149548385682,0.8292059871050255
SNOW,9,SNOW,SNOW,SNOW,0.029275012920347076,0.029057943508531445,0.029057943409758043,0.9126091001613635,0.026300518854119867,0.025869502875228517,0.025869490946946575,0.9219604873237051
SNOW,10,SNOW,SNOW,SNOW,0.23200768915712122,0.22957664990615662,0.22957664990615662,0.3088390110305655,0.23622980493325535,0.22357318997805586,0.22357318997805586,0.3166238151106329
SNOW,11,ICE,ICE,SNOW,0.1876576848140389,0.27787218685489967,0.46778530137312047,0.06668482695794088,0.187636515156557,0.277798669191601,0.4678600285734553,0.06670478707838673
SNOW,12,SNOW,SNOW,ICE,0.4033330926952725,0.03906882131566452,0.039068722456773786,0.5185293635322892,0.40359247042578567,0.03900068391120867,0.039000584304025705,0.5184062613589799
SNOW,13,ASPHALT,ASPHALT,SNOW,0.6890184275321789,0.006897526908606932,0.00468606389808098,0.2993979816611332,0.6902930200065415,0.007148903263939055,0.00450374010794509,0.2980543366215745
SNOW,14,SNOW,SNOW,ASPHALT,0.15868434143492402,0.1586843413914348,0.15879468837244703,0.5238366288011942,0.17198205212426557,0.1719904634874324,0.1732677173241071,0.482759767064195
SNOW,15,SNOW,SNOW,SNOW,0.07853680171340653,0.380421616745745,0.002480688471184279,0.5385608930696641,0.07649064346370968,0.3872386511406658,0.002468706808440597,0.5338019985871839
SNOW,16,ICE,ICE,SNOW,0.1869282769033305,0.26421734739625224,0.4752600417450944,0.07359433395532287,0.18687552630335252,0.2643723769020005,0.4752989324791016,0.07345316431554541
SNOW,17,FLOORING,FLOORING,ICE,0.11276802196136312,0.5650126298472219,0.0015106084825437347,0.32070873970887126,0.11228982641292085,0.5637099406878953,0.0015217034159779905,0.32247852948320593
SNOW,18,SNOW,SNOW,FLOORING,0.3525868997701657,0.20238554684702578,0.08287293358228612,0.36215461980052244,0.3532922977629903,0.19978884618229542,0.07931526909832348,0.36760358695639084
SNOW,19,ICE,ICE,SNOW,0.005803944440947887,0.002109014708799068,0.8476453257317197,0.1444417151185334,0.004918099903462748,0.001961374123750852,0.8700923340501381,0.12302819192264837
SNOW,20,SNOW,SNOW,ICE,0.17067532568811972,0.014499123396377805,0.003469232367679671,0.8113563185478229,0.1735673219731431,0.015087207647094866,0.0034525109836079614,0.8078929593961541
SNOW,21,SNOW,SNOW,SNOW,0.03416778145333888,0.022222411086312285,0.010683838746410526,0.9329259687139383,0.028832701584352374,0.022142910121003577,0.01043999944838474,0.9385843888462593
SNOW,22,ASPHALT,ASPHALT,SNOW,0.6429521316275665,0.004984856834538735,0.00460942674288966,0.3474535847950051,0.6457045524026959,0.009919268624167216,0.0038588902970335725,0.34051728867610337
SNOW,23,ICE,ICE,ASPHALT,0.19617334591794672,0.2573938437279307,0.45920626955462407,0.0872265407994985,0.19590709412159024,0.2574603075406948,0.4597303466130439,0.08690225172467109
SNOW,24,ASPHALT,ASPHALT,ICE,0.4607749763953408,0.1931950312962075,0.0015049260963221611,0.3445250662121296,0.4604045203111372,0.19362128728621764,0.0015043433329890916,0.34446984906965605
SNOW,25,FLOORING,FLOORING,ASPHALT,0.02891309226064175,0.6271026203908108,0.0014297580947717546,0.3425545292537757,0.02886604059662349,0.6269108460144808,0.0014306500315678801,0.34279246335732794
SNOW,26,SNOW,SNOW,FLOORING,0.08175963834824367,0.36378758440778475,0.0038915232272328866,0.5505612540167387,0.08191813433752557,0.36354053607285836,0.0038965595603228428,0.5506447700292932
