terrain,omega_bin,Ke_median,Ke_std
ASPHALT,-0.4920342080534543,6.768120449581293,1.4437040748664909
ASPHALT,-0.47797608782335566,9.288686075888176,0.39188931229641144
ASPHALT,-0.46391796759325693,5.252703278872343,2.2033127772297902
ASPHALT,-0.4498598473631582,9.061952261857254,3.3976029344625074
ASPHALT,-0.43580172713305954,9.239207678054356,2.2046400984553554
ASPHALT,-0.42174360690296087,7.787325018444817,1.4816455176103733
ASPHALT,-0.4076854866728622,8.587168492436387,1.0664648682778515
ASPHALT,-0.3936273664427634,9.181487052348837,1.135056589848954
ASPHALT,-0.37956924621266475,9.63634590375548,1.2335753142902963
ASPHALT,-0.3655111259825661,9.554400696468807,0.654076251081073
ASPHALT,-0.3514530057524674,9.796398188767121,1.0561618632627041
ASPHALT,-0.3373948855223687,9.197547391285859,1.46086781546162
ASPHALT,-0.32333676529226996,8.230044360676604,0.7210636933438098
ASPHALT,-0.3092786450621713,8.868075026955115,1.0282500069467697
ASPHALT,-0.2952205248320726,7.358476115508371,1.863527617816098
ASPHALT,-0.28116240460197395,7.50202558069804,2.1534517597464546
ASPHALT,-0.26710428437187517,7.359683163683236,2.473590781736227
ASPHALT,-0.2530461641417765,8.441679473078597,1.1170598797186375
ASPHALT,-0.23898804391167783,8.188915001738058,1.139028839527866
ASPHALT,-0.22492992368157913,9.982488555618643,1.1635953532588144
ASPHALT,-0.21087180345148043,10.3094504864605,1.1908074622008429
ASPHALT,-0.19681368322138174,7.5807370705119705,1.7756389354661701
ASPHALT,-0.18275556299128304,7.15538289325987,3.3748048271507693
ASPHALT,-0.16869744276118437,9.35054898642099,2.305262041016367
ASPHALT,-0.15463932253108567,10.049554928829064,1.3075521492169162
ASPHALT,-0.14058120230098697,6.634719752948635,3.6522432315355977
ASPHALT,-0.12652308207088828,9.096742703474424,1.4522179493095329
ASPHALT,-0.11246496184078958,5.8547808838786155,2.404575568848436
ASPHALT,-0.09840684161069088,8.210642390623423,1.7931865495624892
ASPHALT,-0.08434872138059218,4.304136098623991,0.9183124134184372
ASPHALT,-0.07029060115049349,4.3582248553022955,1.4756307748251376
ASPHALT,-0.05623248092039479,3.2648520275447948,0.8540006889723221
ASPHALT,-0.04217436069029612,2.4588700447676275,1.488084684566263
ASPHALT,-0.028116240460197423,2.8762553553595445,0.538240845004737
ASPHALT,-0.014058120230098725,2.1183893111838232,0.20485114508884297
ASPHALT,0.0,1.5293560014403615,0.18262402565527858
ASPHALT,0.01405812023009867,2.335891929323378,1.0472828069150946
ASPHALT,0.02811624046019734,2.5039076719916036,1.3695938217326784
ASPHALT,0.042174360690296064,3.3608798838473364,2.020993581787347
ASPHALT,0.05623248092039479,3.573064351710975,0.765955723344859
ASPHALT,0.07029060115049346,4.811013580025237,2.140888355159277
ASPHALT,0.08434872138059213,4.011454544404609,1.1119237120880858
ASPHALT,0.0984068416106908,5.635206191704144,1.8187931724503124
ASPHALT,0.11246496184078952,6.86430187191598,0.5913851463553895
ASPHALT,0.12652308207088825,4.090372640445823,1.8140894657979283
ASPHALT,0.14058120230098692,4.619980507139573,2.3454901745904664
ASPHALT,0.1546393225310856,7.467230601269494,1.128359113440518
ASPHALT,0.16869744276118426,8.188425778150824,0.5300999266908111
ASPHALT,0.18275556299128298,7.65575881085816,1.0328780446718815
ASPHALT,0.1968136832213817,7.890767156032411,0.35322694919814424
ASPHALT,0.21087180345148038,7.923256528704649,0.38472516278990393
ASPHALT,0.22492992368157905,7.22281757057707,2.484582145613853
ASPHALT,0.23898804391167777,7.166129265356964,1.5334456403139134
ASPHALT,0.2530461641417765,8.39620214740397,1.3307805834072386
ASPHALT,0.26710428437187517,7.738244884282407,1.9742465573825942
ASPHALT,0.28116240460197384,7.0248194278995655,2.740480282814437
ASPHALT,0.2952205248320725,8.274086515414728,1.116309030864687
ASPHALT,0.30927864506217123,8.879979761592047,0.5162826090773885
ASPHALT,0.32333676529226996,6.814195658136085,0.6607197377841346
ASPHALT,0.3373948855223686,6.831170287956877,0.4118458393669339
ASPHALT,0.3514530057524673,6.847248545778613,0.4026618777569662
ASPHALT,0.365511125982566,6.666074265874118,0.4036027497033905
ASPHALT,0.37956924621266475,7.4048198417867805,1.0188359879073277
ASPHALT,0.3936273664427634,8.298088034435581,0.8197860804511607
ASPHALT,0.4076854866728621,8.658045659983644,0.9810033344951803
ASPHALT,0.42174360690296075,8.611342531874781,1.4890056059886088
ASPHALT,0.4358017271330595,9.296216763014309,0.1803991127055998
ASPHALT,0.4498598473631582,7.737032336826856,0.8623597444986767
ASPHALT,0.4639179675932569,4.429170763481417,0.6829074352443979
ASPHALT,0.47797608782335554,7.943488744306198,0.8498223960905119
ASPHALT,0.49203420805345427,8.211793384506695,0.7849364474807905
FLOORING,-0.2723990486193056,5.457000820955923,0.2801717861823383
FLOORING,-0.26461621865875395,6.746098098388482,0.7545536168648591
FLOORING,-0.2568333886982024,6.642137562806204,0.6025177038681503
FLOORING,-0.2490505587376508,6.721107938223428,0.42378648307074396
FLOORING,-0.24126772877709923,6.419303770293668,0.6898670619085199
FLOORING,-0.23348489881654766,6.368435041177532,0.7677231718575164
FLOORING,-0.22570206885599603,6.385814305616004,0.6476752309356149
FLOORING,-0.21791923889544446,6.305099377556687,0.813127667826454
FLOORING,-0.21013640893489288,6.536769978095386,0.7354904949549066
FLOORING,-0.2023535789743413,6.601216332367733,0.8156698819100616
FLOORING,-0.19457074901378968,6.637789437616658,0.6161392867493548
FLOORING,-0.1867879190532381,6.611606868042669,0.4562399219564533
FLOORING,-0.17900508909268653,6.503266353439404,0.6961788211964578
FLOORING,-0.17122225913213496,6.381958732266103,0.4735249930850208
FLOORING,-0.16343942917158333,6.29369240496299,0.9142480559194467
FLOORING,-0.15565659921103175,6.345191102469682,0.6044118421629662
FLOORING,-0.14787376925048018,6.257600758956428,0.47565216708745034
FLOORING,-0.1400909392899286,5.8230027888128895,1.019806330981439
FLOORING,-0.13230810932937698,5.927188849008295,0.7733848385930159
FLOORING,-0.1245252793688254,5.250680049477051,1.850348203329091
FLOORING,-0.11674244940827383,5.626043082985223,1.3418932507700052
FLOORING,-0.10895961944772224,5.488607830999933,1.3727463487342932
FLOORING,-0.10117678948717064,5.539049200427552,1.5214664751248272
FLOORING,-0.09339395952661905,5.123184671345181,1.7486830599833363
FLOORING,-0.08561112956606748,4.500644821863177,2.5924113587806725
FLOORING,-0.07782829960551589,4.874259954329065,2.6493120256312803
FLOORING,-0.07004546964496429,3.333246915938893,2.8287847922944183
FLOORING,-0.0622626396844127,2.230677945770734,1.48710523583742
FLOORING,-0.05447980972386113,4.3044884269543005,1.5617205429749392
FLOORING,-0.04669697976330954,3.1782117157378993,2.3580095999876898
FLOORING,-0.03891414980275794,1.7944918134845067,0.7549719451565249
FLOORING,-0.03113131984220635,2.2572603680830787,1.2242549545234072
FLOORING,-0.023348489881654777,1.7655706840684364,0.5096084840711925
FLOORING,-0.015565659921103203,2.09723485669547,0.9799181563424206
FLOORING,-0.007782829960551602,2.092503662831576,0.9010508577349041
FLOORING,0.0,1.6270889661324897,0.2382944353421057
FLOORING,0.007782829960551574,2.1265643928792515,0.9464289374477806
FLOORING,0.015565659921103175,2.138278770072414,0.9864023182165069
FLOORING,0.023348489881654777,2.1041003439441517,0.6335037876764673
FLOORING,0.03113131984220635,2.280845312158578,1.138083084563554
FLOORING,0.038914149802757925,2.5107745473546474,1.2543758605058961
FLOORING,0.0466969797633095,2.875900627787856,1.9695617572920334
FLOORING,0.0544798097238611,3.022328136750723,2.2010004419544007
FLOORING,0.0622626396844127,4.984040867985851,0.7617300108836038
FLOORING,0.07004546964496428,4.773217247284464,1.6828499832648167
FLOORING,0.07782829960551588,4.865297217776843,1.7944014916104605
FLOORING,0.08561112956606748,4.986777400939433,1.7827851094124598
FLOORING,0.09339395952661905,5.726104992643265,0.47647034549794154
FLOORING,0.10117678948717063,5.679027277347215,1.1055780457595112
FLOORING,0.1089596194477222,5.76863220911369,0.8163070386696533
FLOORING,0.1167424494082738,6.084738321755594,0.4015834003991761
FLOORING,0.1245252793688254,5.826649434857455,0.8203277593941004
FLOORING,0.13230810932937698,6.104600926517032,0.41450212351638616
FLOORING,0.14009093928992858,6.140176810954754,0.4272476517667621
FLOORING,0.14787376925048018,6.213906735785715,0.2990926593513156
FLOORING,0.15565659921103175,6.281277606647675,0.33615307358517865
FLOORING,0.16343942917158333,6.291373223515555,0.5973932270683969
FLOORING,0.1712222591321349,6.418643000021318,0.503782608241493
FLOORING,0.1790050890926865,6.256812890682719,0.5401617082406504
FLOORING,0.1867879190532381,6.362585408942058,0.34106422740813425
FLOORING,0.19457074901378968,6.318258426884215,0.40301418525278404
FLOORING,0.20235357897434128,6.256417062828978,0.6628625428624759
FLOORING,0.21013640893489288,5.8636436240857,0.37845903599565456
FLOORING,0.21791923889544446,5.967768871317523,0.761655014957663
FLOORING,0.22570206885599603,5.8332058231448,0.32889757311696993
FLOORING,0.2334848988165476,5.864227627992877,0.25451710012534856
FLOORING,0.24126772877709918,6.03443092456544,0.5513549855648479
FLOORING,0.24905055873765075,7.135232553365016,0.29518503144502023
FLOORING,0.2568333886982024,6.716059443302341,0.5871768479829522
FLOORING,0.264616218658754,6.805391986495389,0.284319731324947
FLOORING,0.2723990486193056,5.827527896217887,0.31162736778847366
ICE,-0.4920342080534543,2.7595133831768934,0.7998957500585259
ICE,-0.47797608782335566,2.8301390026553985,0.739778911780815
ICE,-0.46391796759325693,3.05538838215105,0.2900225129886818
ICE,-0.4498598473631582,2.981419500218161,0.49769598916068863
ICE,-0.43580172713305954,2.561428908814695,0.28365614933439504
ICE,-0.42174360690296087,2.306445234852036,0.4837540510136637
ICE,-0.4076854866728622,2.6819172370746847,0.9798336974688553
ICE,-0.3936273664427634,2.6540515964508655,0.9130360942014183
ICE,-0.37956924621266475,2.547102294250518,0.8139449513997069
ICE,-0.3655111259825661,2.5118084555936724,0.8344634977429725
ICE,-0.3514530057524674,2.074329437742123,0.22463889439746815
ICE,-0.3373948855223687,2.409573894085452,0.694030443623071
ICE,-0.32333676529226996,2.477557465233037,0.9174006976466249
ICE,-0.3092786450621713,2.5024021507866014,0.9219170852068003
ICE,-0.2952205248320726,2.7978827116057836,0.3858534610973816
ICE,-0.28116240460197395,2.668881550272376,0.6386409868085982
ICE,-0.26710428437187517,2.673908617927191,0.18259200296140757
ICE,-0.2530461641417765,3.0646245897086777,0.2076506829271326
ICE,-0.23898804391167783,2.4178361155598362,1.1823385117367569
ICE,-0.22492992368157913,2.729993912677732,0.331803896892883
ICE,-0.21087180345148043,3.2136421296806104,0.2270162643676147
ICE,-0.19681368322138174,2.9558522089277766,0.43493774222681436
ICE,-0.18275556299128304,2.8181312866517025,0.6669356379390603
ICE,-0.16869744276118437,1.8729478795854466,0.2946909679317072
ICE,-0.15463932253108567,2.115547145719696,0.3203685941651752
ICE,-0.14058120230098697,2.3710504639842958,0.22498097649803642
ICE,-0.12652308207088828,2.2132834899613054,0.30366496344221894
ICE,-0.11246496184078958,2.4494908121043837,0.5801590668111427
ICE,-0.09840684161069088,2.2984517012835326,0.20929308679784253
ICE,-0.08434872138059218,2.275172278128828,0.5241763943128956
ICE,-0.07029060115049349,2.382366972240988,0.706752976513962
ICE,-0.05623248092039479,2.1081651662891687,0.24264970242090514
ICE,-0.04217436069029612,2.1976443243446715,0.37497124484283
ICE,-0.028116240460197423,2.1671193934746027,0.2073446559190906
ICE,-0.014058120230098725,2.1107109794733194,0.2709455285029249
ICE,0.0,1.9515279039664202,0.18759404993837062
ICE,0.01405812023009867,2.039851087600337,1.1357572906682036
ICE,0.02811624046019734,2.810631803273697,0.599223608688623
ICE,0.042174360690296064,3.6293441431440012,0.3862892705855061
ICE,0.05623248092039479,3.1778079738788727,0.6118356158634907
ICE,0.07029060115049346,2.9611742683859084,1.0061191568128771
ICE,0.08434872138059213,3.1069905789297634,0.5886354917191672
ICE,0.0984068416106908,3.610427439172377,0.5431965997315573
ICE,0.11246496184078952,1.900328085795533,0.31415574927078743
ICE,0.12652308207088825,3.1363441915107027,1.2124159159281374
ICE,0.14058120230098692,2.8950732933051304,0.9661471254080365
ICE,0.1546393225310856,2.9380389689678608,0.9706565801298372
ICE,0.16869744276118426,2.985211826509766,0.9872699683657934
ICE,0.18275556299128298,2.1416392073379784,0.44503799549291534
ICE,0.1968136832213817,1.8418647791662437,0.3556451735546181
ICE,0.21087180345148038,2.8239265870586685,0.4059976711767911
ICE,0.22492992368157905,2.727351705424997,0.46520973023633755
ICE,0.23898804391167777,3.3712308348885323,0.3407081816475476
ICE,0.2530461641417765,3.279649620044306,0.43096439801259645
ICE,0.26710428437187517,3.4517814264616966,0.24736640012734917
ICE,0.28116240460197384,2.612353764978482,0.5111621468514317
ICE,0.2952205248320725,2.590997058042575,0.32307531918611965
ICE,0.30927864506217123,2.777504224029456,0.09589175262769797
ICE,0.32333676529226996,2.5987601421500237,0.24401560095296368
ICE,0.3373948855223686,2.583271672139202,0.3538871899369441
ICE,0.3514530057524673,2.1226169230771745,0.5909560903918963
ICE,0.365511125982566,3.3442360574844376,0.22076339836774647
ICE,0.37956924621266475,2.6879888215672887,0.8052833860574297
ICE,0.3936273664427634,2.6836147219551667,0.6712902024504297
ICE,0.4076854866728621,3.019542424107783,0.21119985769852814
ICE,0.42174360690296075,2.4593645423829225,0.3573681034371956
ICE,0.4358017271330595,2.633508877335654,0.771166608459724
ICE,0.4498598473631582,2.5613593852132928,0.6847290281738668
ICE,0.4639179675932569,2.3380857185873243,0.7224558761451502
ICE,0.47797608782335554,2.5762712269582195,0.21613316963579907
ICE,0.49203420805345427,2.7878230619457813,0.1008181198338921
SNOW,-0.4929311878842947,5.827766753347807,2.33624244383478
SNOW,-0.4788474396590291,6.588508406512286,0.8706253085490832
SNOW,-0.4647636914337636,8.503730442096334,1.227525441561369
SNOW,-0.450679943208498,7.993031922868941,0.4498603121253572
SNOW,-0.43659619498323243,7.5410109353186305,2.2425634864170263
SNOW,-0.42251244675796684,6.575716739446459,1.2880315729226848
SNOW,-0.40842869853270136,7.143310997368263,1.0455180584218422
SNOW,-0.39434495030743577,7.57760278823359,1.765883774395267
SNOW,-0.3802612020821702,8.41258461680635,1.3814907646339782
SNOW,-0.3661774538569046,8.072763796915732,1.1780661074127232
SNOW,-0.3520937056316391,5.2685296783076545,2.1201139862963596
SNOW,-0.3380099574063735,6.378837372567861,2.5825842213144674
SNOW,-0.3239262091811079,7.751208124197169,1.5263050006663956
SNOW,-0.30984246095584234,6.933601688828574,1.1840933337361783
SNOW,-0.29575871273057686,9.461236531172279,2.9179842330042396
SNOW,-0.28167496450531126,6.255730772101866,0.7520334553737285
SNOW,-0.2675912162800457,6.41369265668665,1.3867456588581746
SNOW,-0.2535074680547801,5.92534203877619,1.4515630993828748
SNOW,-0.23942371982951458,5.062452947502581,0.7801537335338129
SNOW,-0.225339971604249,5.956135140774027,1.7891847410603043
SNOW,-0.21125622337898342,5.782894961039791,1.4952115433878783
SNOW,-0.19717247515371786,5.371021302188763,1.6084084685811249
SNOW,-0.18308872692845232,6.145381187271783,0.7713571563332273
SNOW,-0.16900497870318676,5.56266155262893,0.8170101744181693
SNOW,-0.15492123047792117,5.668728261126171,2.175929590321821
SNOW,-0.1408374822526556,4.744372740423679,1.2792846554343265
SNOW,-0.12675373402739007,3.628832176330339,0.730723208808158
SNOW,-0.1126699858021245,4.464722028052444,1.3711839594958748
SNOW,-0.09858623757685891,5.977060939892114,1.9077324958136819
SNOW,-0.08450248935159335,4.9694718539587175,2.0670277931962358
SNOW,-0.07041874112632782,4.428800045752722,2.0862036574632556
SNOW,-0.05633499290106225,3.502248868150498,1.6571628238176352
SNOW,-0.04225124467579666,3.6915281766886876,1.982344592240723
SNOW,-0.0281674964505311,2.9065607435215206,1.649157250191269
SNOW,-0.014083748225265563,3.3128030748378574,1.832755070497005
SNOW,0.0,3.926286076856786,1.425933759360275
SNOW,0.014083748225265591,4.861748143670379,2.984081473155102
SNOW,0.028167496450531126,4.1462739749281114,3.3668876478249987
SNOW,0.04225124467579666,5.95061254304237,2.2223442328207192
SNOW,0.05633499290106225,4.949854342661869,2.4625607114894845
SNOW,0.07041874112632784,5.796444789000194,2.2642699503287758
SNOW,0.08450248935159343,6.621210998356434,3.0405557704007786
SNOW,0.09858623757685897,4.831951126096038,1.922838424297378
SNOW,0.1126699858021245,6.457203173600389,2.3709159787059657
SNOW,0.1267537340273901,6.613089184049699,2.667261680693998
SNOW,0.14083748225265563,4.578884208799628,2.4972124520070835
SNOW,0.15492123047792117,6.2993506929051835,1.195582250644207
SNOW,0.16900497870318676,7.295877208414554,2.030172850621107
SNOW,0.18308872692845235,8.74916282532916,2.2519794764580103
SNOW,0.19717247515371794,6.063819725086973,1.9178062057793652
SNOW,0.21125622337898348,6.8682589713583955,1.4522099875362262
SNOW,0.225339971604249,4.914020825928293,2.175779783431642
SNOW,0.2394237198295146,5.471731809522273,2.5675013404878775
SNOW,0.25350746805478014,6.999943250959731,2.953241766927793
SNOW,0.2675912162800457,7.092900481643529,2.95120215687586
SNOW,0.28167496450531126,5.3830694529693295,1.6208974654346777
SNOW,0.29575871273057686,6.362023641061205,2.4697159846165997
SNOW,0.30984246095584245,6.824481006483745,1.1814350387025667
SNOW,0.323926209181108,5.610376075929001,0.7182910207564902
SNOW,0.3380099574063735,6.314070262367474,1.9385849901641752
SNOW,0.3520937056316391,6.608771414312294,1.6066397049750047
SNOW,0.36617745385690464,5.418230174225849,1.080269448877072
SNOW,0.3802612020821702,4.886651356453429,1.1512447062385605
SNOW,0.39434495030743577,5.965466436858803,1.9206646421457751
SNOW,0.40842869853270136,6.118920512032341,1.2353434510211112
SNOW,0.42251244675796695,5.462162606132649,2.282671958743483
SNOW,0.4365961949832325,7.019522094094579,1.6621302302750964
SNOW,0.450679943208498,7.655551938955534,1.2821786016865073
SNOW,0.4647636914337636,6.973278821544818,1.973857866395982
SNOW,0.47884743965902915,7.445248972458624,0.9440561512037887
SNOW,0.4929311878842947,4.5386330347195125,1.0429957327707189
